# 第三章_最基本的SELECT语句

## 1. SQL语言的规则和规范

### 1) 基本规则

* SQL 可以写在一行或者多行。为了提高可读性，各子句分行写，必要时使用缩进 
* 每条命令以 ; 或 \g 或 \G 结束 
* 关键字不能被缩写也不能分行 
* 关于标点符号 
	* 必须保证所有的()、单引号、双引号是成对结束的 
	* 必须使用英文状态下的半角输入方式 
	* 字符串型和日期时间类型的数据可以使用单引号（' '）表示 
	* 列的别名，尽量使用双引号（" "），而且不建议省略as

### 2) SQL大小写规范（建议遵守）

* MySQL 在 Windows 环境下是大小写不敏感的 
* MySQL 在 Linux 环境下是大小写敏感的 
	* 数据库名、表名、表的别名、变量名是严格区分大小写的 
	* 关键字、函数名、列名(或字段名)、列的别名(字段的别名) 是忽略大小写的。 
* 推荐采用统一的书写规范： 
	* 数据库名、表名、表别名、字段名、字段别名等都小写 
	* SQL 关键字、函数名、绑定变量等都大写

### 3) 注释

```mysql
单行注释：#注释文字(MySQL特有的方式)
单行注释：-- 注释文字(--后面必须包含一个空格。)
多行注释：/* 注释文字 */
```

### 4) 命名规则

* 数据库、表名不得超过30个字符，变量名限制为29个 
* 必须只能包含 A–Z, a–z, 0–9, _共63个字符 
* 数据库名、表名、字段名等对象名中间不要包含空格 同一个MySQL软件中，数据库不能同名；同一个库中，表不能重名；
* 同一个表中，字段不能重名 必须保证你的字段没有和保留字、数据库系统或常用方法冲突。如果坚持使用，请在SQL语句中使 用`（着重号）引起来 
* 保持字段名和类型的一致性，在命名字段并为其指定数据类型的时候一定要保证一致性。假如数据 类型在一个表里是整数，那在另一个表里可就别变成字符型了

## 2. 基本的SELECT语句

### 1) SELECT ... FROM

* 语法

```mysql
SELECT 标识选择哪些列
FROM 标识从哪个表中选择
```

* 选择全部列

```mysql
SELECT *
FROM departments;
```

* 选择特定的列：

```mysql
SELECT department_id, location_id
FROM departments;
```

### 2) 列的别名 (AS)

* 重命名一个列 
* 便于计算 
* 紧跟列名，也可以在列名和别名之间加入关键字AS，别名使用双引号，以便在别名中包含空格或特 殊的字符并区分大小写。 
* AS 可以省略 
* 建议别名简短，见名知意 
* 举例：

```mysql
SELECT last_name AS name, commission_pct comm
FROM employees;
```

### 3) 去除重复行 (DISTINCT)

DISTINCT关键字

```mysql
SELECT DISTINCT department_id FROM employees;
```

### 4) 空值参与运算 (IFNULL)

空值：null ( 不等同于0, ’ ‘, ’null‘ )

实际问题的解决方案：引入IFNULL

```mysql
SELECT employee_id, salary "月工资", salary * (1 + IFNULL(commission_pct, 0)) * 12 "年工资" FROM employees;
```

这里你一定要注意，在 MySQL 里面， 空值不等于空字符串。一个空字符串的长度是 0，而一个空值的长 度是空。而且，在 MySQL 里面，空值是占用空间的。

### 5) 着重号 (``)

必须保证你的字段没有和保留字、数据库系统或常见方法冲突。

如果坚持使用，在SQL语句中使用 \` \` 引起来。

```mysql
SELECT * FROM `order`;
```

### 6) 查询常数

```mysql
SELECT '小张科技' as "公司名", employee_id, last_name FROM employees;
```

## 3. 显示表结构

显示表中字段的详细信息

```mysql
DESCRIBE employees;
或
DESC employees;
```

```mysql
mysql> desc employees;
+----------------+-------------+------+-----+---------+-------+
| Field | Type | Null | Key | Default | Extra |
+----------------+-------------+------+-----+---------+-------+
| employee_id | int(6) | NO | PRI | 0 | |
| first_name | varchar(20) | YES | | NULL | |
| last_name | varchar(25) | NO | | NULL | |
| email | varchar(25) | NO | UNI | NULL | |
| phone_number | varchar(20) | YES | | NULL | |
| hire_date | date | NO | | NULL | |
| job_id | varchar(10) | NO | MUL | NULL | |
| salary | double(8,2) | YES | | NULL | |
| commission_pct | double(2,2) | YES | | NULL | |
| manager_id | int(6) | YES | MUL | NULL | |
| department_id | int(4) | YES | MUL | NULL | |
+----------------+-------------+------+-----+---------+-------+
11 rows in set (0.00 sec)
```

其中，各个字段的含义分别解释如下： 

* Field：表示字段名称。 
* Type：表示字段类型，这里 barcode、goodsname 是文本型的，price 是整数类型的。 
* Null：表示该列是否可以存储NULL值。 
* Key：表示该列是否已编制索引。
* PRI表示该列是表主键的一部分；
* UNI表示该列是UNIQUE索引的一 部分；
* MUL表示在列中某个给定值允许出现多次。 
* Default：表示该列是否有默认值，如果有，那么值是多少。 
* Extra：表示可以获取的与给定列有关的附加信息，例如AUTO_INCREMENT等。

## 4. 过滤数据

* 语法：

```mysql
SELECT 字段1,字段2
FROM 表名
WHERE 过滤条件
```

使用WHERE 子句，将不满足条件的行过滤掉。WHERE子句紧随 FROM子句。

* 举例：

```mysql
SELECT employee_id, last_name, job_id, department_id
FROM employees
WHERE department_id = 90;
```

# 第四章_运算符

**DUAL** 伪表

## 1. 算术运算符

```mysql
SELECT 100 + 0, 100 + 50 * 30, 100 - 35.5 FROM DUAL;
```

> + 一个整数类型的值对整数进行加法和减法操作，结果还是一个整数；
> + 一个整数类型的值对浮点数进行加法和减法操作，结果是一个浮点数；
> + 在Java中， + 的左右两边如果有字符串，那么表示字符串的拼接。但是在MySQL中 + 只表示数值相加。如果遇到非数值类型，先尝试转成数值，如果转失败，就按0计算。（注：MySQL 中字符串拼接要使用字符串函数CONCAT()实现）
> + 在数学运算中，0不能用作除数，在MySQL中，一个数除以0为NULL。

## 2. 比较运算符

### 1) 等号运算符

比较运算符用来对表达式左边的操作数和右边的操作数进行比较，比较的结果为真则返回1，比较的结果 为假则返回0，其他情况则返回NULL。 

比较运算符经常被用来作为SELECT查询语句的条件来使用，返回符合条件的结果记录。

如果等号两边的值、字符串或表达式中有一个为NULL，则比较结果为NULL。

```mysql
mysql> SELECT 1 = 1, 1 = '1', 1 = 0, 'a' = 'a', (5 + 3) = (2 + 6), '' = NULL , NULL = NULL;
+-------+---------+-------+-----------+-------------------+-----------+-------------+
| 1 = 1 | 1 = '1' | 1 = 0 | 'a' = 'a' | (5 + 3) = (2 + 6) | '' = NULL | NULL = NULL |
+-------+---------+-------+-----------+-------------------+-----------+-------------+
|   1   |    1    |   0   |     1     |          1        |    NULL   |     NULL    |
+-------+---------+-------+-----------+-------------------+-----------+-------------+
1 row in set (0.00 sec)
```

```mysql
mysql> SELECT 1 = 2, 0 = 'abc', 1 = 'abc' FROM DUAL;
+-------+-----------+-----------+
| 1 = 2 | 0 = 'abc' | 1 = 'abc' |
+-------+-----------+-----------+
|   0   |     1     |     0     |
+-------+-----------+-----------+
1 row in set, 2 warnings (0.00 sec)
```

> + 如果等号两边的值、字符串或表达式都为字符串，则MySQL会按照字符串进行比较，其比较的 是每个字符串中字符的ANSI编码是否相等。 
> + 如果等号两边的值都是整数，则MySQL会按照整数来比较两个值的大小。 
> + 如果等号两边的值一个是整数，另一个是字符串，则MySQL会将字符串转化为数字进行比较。 
> + 如果等号两边的值、字符串或表达式中有一个为NULL，则比较结果为NULL。

```mysql
mysql> SELECT 1 <=> '1', 1 <=> 0, 'a' <=> 'a', (5 + 3) <=> (2 + 6), '' <=> NULL,NULL <=> NULL FROM dual;
+-----------+---------+-------------+---------------------+-------------+---------------+
| 1 <=> '1' | 1 <=> 0 | 'a' <=> 'a' | (5 + 3) <=> (2 + 6) | '' <=> NULL | NULL <=> NULL |
+-----------+---------+-------------+---------------------+-------------+---------------+
|     1     |    0    |      1      |           1         |      0      |       1       |
+-----------+---------+-------------+---------------------+-------------+---------------+
1 row in set (0.00 sec)
```

可以看到，使用安全等于运算符时，两边的操作数的值都为NULL时，返回的结果为1而不是NULL，其他返回结果与等于运算符相同。

### 2) 不等于运算符

不等于运算符（<>和!=）用于判断两边的数字、字符串或者表达式的值是否不相等， 如果不相等则返回1，相等则返回0。不等于运算符不能判断NULL值。如果两边的值有任意一个为NULL， 或两边都为NULL，则结果为NULL。 SQL语句示例如下：

```mysql
mysql> SELECT 1 <> 1, 1 != 2, 'a' != 'b', (3+4) <> (2+6), 'a' != NULL, NULL <> NULL;
+--------+--------+------------+----------------+-------------+--------------+
| 1 <> 1 | 1 != 2 | 'a' != 'b' | (3+4) <> (2+6) | 'a' != NULL | NULL <> NULL |
+--------+--------+------------+----------------+-------------+--------------+
|    0   |    1   |      1     |        1       |     NULL    |      NULL    |
+--------+--------+------------+----------------+-------------+--------------+
1 row in set (0.00 sec)
```

此外，还有非符号类型的运算符：

<img src="./images/image-20220531154418141.png" alt="image-20220531154418141" style="float:left;" />

### 3) 空运算符

空运算符 (IS NULL 或者 ISNULL) 判断一个值是否为NULL，如果为NULL则返回1，否则返回0。

```mysql
mysql> SELECT NULL IS NULL, ISNULL(NULL), ISNULL('a'), 1 IS NULL;
+--------------+--------------+-------------+-----------+
| NULL IS NULL | ISNULL(NULL) | ISNULL('a') | 1 IS NULL |
+--------------+--------------+-------------+-----------+
|      1       |       1      |      0      |     0     |
+--------------+--------------+-------------+-----------+
1 row in set (0.00 sec)
```

### 4) 非空运算符

非空运算符（IS NOT NULL）判断一个值是否不为NULL，如果不为NULL则返回1，否则返回0。

### 5) 最小值运算符

语法格式为：LEAST(值1，值2，...，值n)。其中，“值n”表示参数列表中有n个值。在有 两个或多个参数的情况下，返回最小值。

```mysql
mysql> SELECT LEAST (1,0,2), LEAST('b','a','c'), LEAST(1,NULL,2);
+---------------+--------------------+-----------------+
| LEAST (1,0,2) | LEAST('b','a','c') | LEAST(1,NULL,2) |
+---------------+--------------------+-----------------+
|       0       |          a         |        NULL     |
+---------------+--------------------+-----------------+
1 row in set (0.00 sec)
```

由结果可以看到，当参数是整数或者浮点数时，LEAST将返回其中最小的值；当参数为字符串时，返回字 母表中顺序最靠前的字符；当比较值列表中有NULL时，不能判断大小，返回值为NULL。

### 6) 最大值运算符

语法格式为：GREATEST(值1，值2，...，值n)。其中，n表示参数列表中有n个值。当有 两个或多个参数时，返回值为最大值。假如任意一个自变量为NULL，则GREATEST()的返回值为NULL。

```mysql
mysql> SELECT GREATEST(1,0,2), GREATEST('b','a','c'), GREATEST(1,NULL,2);
+-----------------+-----------------------+--------------------+
| GREATEST(1,0,2) | GREATEST('b','a','c') | GREATEST(1,NULL,2) |
+-----------------+-----------------------+--------------------+
|         2       |             c         |         NULL       |
+-----------------+-----------------------+--------------------+
1 row in set (0.00 sec)
```

由结果可以看到，当参数中是整数或者浮点数时，GREATEST将返回其中最大的值；当参数为字符串时， 返回字母表中顺序最靠后的字符；当比较值列表中有NULL时，不能判断大小，返回值为NULL。

### 7) BETWEEN AND运算符

BETWEEN运算符使用的格式通常为SELECT D FROM TABLE WHERE C BETWEEN A AND B，此时，当C大于或等于A，并且C小于或等于B时，结果为1，否则结果为0。

### 8) IN运算符

IN运算符用于判断给定的值是否是IN列表中的一个值，如果是则返回1，否则返回0。如果给 定的值为NULL，或者IN列表中存在NULL，则结果为NULL。

```mysql
mysql> SELECT 'a' IN ('a','b','c'), 1 IN (2,3), NULL IN ('a','b'), 'a' IN ('a', NULL);
+----------------------+------------+-------------------+--------------------+
| 'a' IN ('a','b','c') | 1 IN (2,3) | NULL IN ('a','b') | 'a' IN ('a', NULL) |
+----------------------+------------+-------------------+--------------------+
|            1         |      0     |         NULL      |          1         |
+----------------------+------------+-------------------+--------------------+
```

### 9) NOT IN运算符

NOT IN运算符用于判断给定的值是否不是IN列表中的一个值，如果不是IN列表中的一 个值，则返回1，否则返回0。

### 10) LIKE运算符

LIKE运算符主要用来匹配字符串，通常用于模糊匹配，如果满足条件则返回1，否则返回 0。如果给定的值或者匹配条件为NULL，则返回结果为NULL。

```mysql
“%”：匹配0个或多个字符。
“_”：只能匹配一个字符。
```

### 11) ESCAPE

回避特殊符号的：使用转义符。例如：将[%]转为[$%]、[]转为[$]，然后再加上[ESCAPE‘$’]即可。

```mysql
SELECT job_id
FROM jobs
WHERE job_id LIKE ‘IT\_%‘;
```

如果使用\表示转义，要省略ESCAPE。如果不是\，则要加上ESCAPE。

```mysql
SELECT job_id
FROM jobs
WHERE job_id LIKE ‘IT$_%‘ escape ‘$‘;
```

### 12) REGEXP运算符

REGEXP运算符用来匹配字符串，语法格式为： expr REGEXP 匹配条件 。

> （1）‘^’匹配以该字符后面的字符开头的字符串。 
>
> （2）‘$’匹配以该字符前面的字符结尾的字符串。 
>
> （3）‘.’匹配任何一个单字符。 
>
> （4）“[...]”匹配在方括号内的任何字符。例如，“[abc]”匹配“a”或“b”或“c”。为了命名字符的范围，使用一 个‘-’。“[a-z]”匹配任何字母，而“[0-9]”匹配任何数字。
>
> （5）‘*’匹配零个或多个在它前面的字符。例如，“x*”匹配任何数量的‘x’字符，“[0-9]*”匹配任何数量的数字， 而“*”匹配任何数量的任何字符。

## 3. 逻辑运算符

逻辑运算符主要用来判断表达式的真假，在MySQL中，逻辑运算符的返回结果为1、0或者NULL。 

MySQL中支持4种逻辑运算符如下：

![image-20220531195405333](./images/image-20220531195405333.png)

## 4. 位运算

位运算符是在二进制数上进行计算的运算符。位运算符会先将操作数变成二进制数，然后进行位运算， 最后将计算结果从二进制变回十进制数。 

MySQL支持的位运算符如下：

![image-20220531195442995](./images/image-20220531195442995.png)

## 5. 运算符的优先级

数字编号越大，优先级越高，优先级高的运算符先进行计算。

![image-20220531195522668](./images/image-20220531195522668.png)

## 扩展：使用正则表达式查询

![image-20220531204253508](./images/image-20220531204253508.png)

# 